Time,Heart Rate
08:59:06,70
08:59:21,70
08:59:26,65
08:59:31,66
08:59:36,68
08:59:46,69
08:59:51,70
08:59:56,72
09:00:01,71
09:00:11,72
09:00:21,73
09:00:26,74
09:00:31,75
09:00:46,75
09:00:51,76
09:00:56,78
09:01:06,77
09:01:11,75
09:01:16,74
09:01:26,72
09:01:31,71
09:01:46,78
09:01:51,81
09:02:01,82
09:02:06,83
09:02:11,85
09:02:16,85
09:02:21,85
09:02:26,86
09:02:41,86
09:02:46,81
09:02:51,80
09:02:56,79
09:03:01,80
09:03:06,83
09:03:11,85
09:03:16,87
09:03:21,90
09:03:26,95
09:03:31,99
09:03:36,102
09:03:41,104
09:03:51,105
09:03:56,106
09:04:01,107
09:04:11,106
09:04:26,106
09:04:31,113
09:04:36,116
09:04:41,117
09:04:46,119
09:04:51,118
09:04:58,117
09:05:03,116
09:05:08,115
09:05:18,116
09:05:33,116
09:05:38,118
09:05:48,122
09:06:03,122
09:06:18,122
09:06:23,121
09:06:28,120
09:06:43,120
09:06:58,118
09:08:25,111
09:08:40,111
09:08:45,110
09:08:55,111
09:09:05,110
09:09:15,108
09:09:25,110
09:09:30,112
09:09:35,113
09:09:45,115
09:09:55,116
09:10:10,116
09:10:20,117
09:10:25,116
09:10:30,114
09:10:40,114
09:10:45,116
09:10:50,104
09:10:55,92
09:11:00,88
09:11:05,84
09:11:10,85
09:11:15,86
09:11:25,85
09:11:40,85
09:11:41,83
09:11:46,77
09:11:56,76
09:12:11,76
09:12:16,78
09:12:21,80
09:12:36,79
09:12:41,78
09:12:46,77
09:12:51,77
09:13:06,78
09:13:16,79
09:13:21,80
09:13:26,82
09:13:31,83
09:13:46,83
09:13:51,84
09:13:56,88
09:14:01,90
09:14:06,97
09:14:11,97
09:14:16,96
09:14:21,95
09:14:26,89
09:14:31,88
09:14:36,86
09:14:41,84
09:14:46,82
09:14:51,80
09:15:01,79
09:15:16,81
09:15:21,84
09:15:26,84
09:15:31,82
09:15:36,81
09:15:41,79
09:15:46,78
09:15:51,77
09:16:01,75
09:16:06,75
09:16:11,74
09:16:21,75
09:16:26,76
09:16:36,77
09:16:41,78
09:16:46,79
09:16:51,78
09:16:56,77
09:17:01,78
09:17:16,77
09:17:21,76
09:17:36,76
09:17:41,77
09:17:56,76
09:18:01,76
09:18:11,75
09:18:21,76
09:18:36,76
09:18:46,77
09:18:51,76
09:19:01,75
09:19:06,74
09:19:11,72
09:19:21,73
09:19:26,74
09:19:41,74
09:19:46,73
09:19:51,71
09:19:56,72
09:20:01,73
09:20:06,75
09:20:16,77
09:20:21,76
09:20:26,75
09:20:41,75
09:20:56,76
09:21:11,76
09:21:16,77
09:21:26,76
09:21:31,76
09:21:36,77
09:21:41,77
09:21:56,77
09:22:11,76
09:22:16,72
09:22:21,73
09:22:31,74
09:22:36,73
09:22:41,73
09:22:46,72
09:22:56,73
09:23:06,74
09:23:16,75
09:23:21,75
09:23:31,74
09:23:41,75
09:23:51,76
09:23:56,77
09:24:01,77
09:24:16,77
09:24:21,79
09:24:26,80
09:24:41,81
09:24:56,80
09:25:06,82
09:25:11,83
09:25:16,84
09:25:21,86
09:25:26,85
09:25:31,84
09:25:36,83
09:25:41,82
09:25:46,81
09:25:51,80
09:26:01,72
09:26:11,73
09:26:21,74
09:26:26,76
09:26:41,76
09:26:51,77
09:27:06,77
09:27:16,78
09:27:26,77
09:27:36,78
09:27:41,78
09:27:46,79
09:27:56,78
09:28:06,79
09:28:11,80
09:28:16,79
09:28:26,80
09:28:41,80
09:28:46,81
09:28:51,83
09:28:56,84
09:29:02,84
09:29:07,83
09:29:12,85
09:29:17,84
09:29:22,85
09:29:32,86
09:29:42,85
09:29:52,84
09:29:57,82
09:30:02,81
09:30:07,77
09:30:12,71
09:30:17,72
09:30:22,72
09:30:32,73
09:30:42,74
09:30:57,75
09:31:12,78
09:31:17,79
09:31:22,82
09:31:27,95
09:31:32,97
09:31:47,98
09:31:57,99
09:32:02,101
09:32:07,104
09:32:12,111
09:32:17,113
09:32:32,116
09:32:42,119
09:32:47,117
09:32:52,115
09:32:57,113
09:33:02,109
09:33:07,102
09:33:12,101
09:33:17,102
09:33:22,103
09:33:27,101
09:33:32,99
09:33:37,93
09:33:42,94
09:33:47,90
09:33:52,88
09:33:57,87
09:34:12,89
09:34:27,88
09:34:37,87
09:34:47,86
09:34:52,85
09:35:02,86
09:35:17,87
09:35:27,88
09:35:32,88
09:35:37,89
09:35:42,88
09:35:52,89
09:35:57,90
09:36:02,89
09:36:17,90
09:36:22,92
09:36:32,93
09:36:37,93
09:36:52,94
09:37:02,96
09:37:07,97
09:37:12,98
09:37:17,99
09:37:22,100
09:37:32,101
09:37:42,102
09:37:47,107
09:37:52,109
09:37:57,108
09:38:02,103
09:38:07,104
09:38:12,107
09:38:17,110
09:38:22,107
09:38:32,109
09:38:37,110
09:38:42,112
09:38:47,113
09:38:52,118
09:38:57,115
09:39:02,114
09:39:07,112
09:39:12,111
09:39:22,115
09:39:27,118
09:39:42,119
09:39:47,120
09:39:57,122
09:40:02,123
09:40:07,123
09:40:17,120
09:40:22,116
09:40:27,115
09:40:32,114
09:40:37,115
09:40:47,115
09:40:52,113
09:40:57,109
09:41:02,107
09:41:12,104
09:41:17,101
09:41:22,93
09:41:27,89
09:41:32,85
09:41:47,85
09:41:52,84
09:41:57,80
09:42:02,79
09:42:12,80
09:42:17,81
09:42:22,83
09:42:27,82
09:42:37,83
09:42:47,81
09:42:52,80
09:43:02,79
09:43:12,77
09:43:17,74
09:43:22,73
09:43:27,73
09:43:32,72
09:43:37,71
09:43:52,71
09:43:57,71
09:44:02,72
09:44:07,72
09:44:12,73
09:44:17,80
09:44:23,87
09:44:28,88
09:44:33,86
09:44:43,84
09:44:58,84
09:45:03,85
09:45:08,79
09:45:13,75
09:45:18,69
09:45:23,71
09:45:33,72
09:45:38,73
09:45:48,74
09:45:53,75
09:46:08,75
09:46:13,74
09:46:28,74
09:46:33,75
09:46:38,76
09:46:43,77
09:46:48,78
09:46:53,79
09:47:08,80
09:47:13,81
09:47:18,83
09:47:23,87
09:47:33,86
09:47:38,85
09:47:43,83
09:47:48,82
09:47:53,81
09:48:08,80
09:48:18,79
09:48:28,78
09:48:33,77
09:48:43,78
09:48:48,79
09:48:58,78
09:49:03,79
09:49:08,78
09:49:13,77
09:49:23,74
09:49:28,73
09:49:33,74
09:49:43,73
09:49:53,74
09:49:58,75
09:50:03,77
09:50:08,76
09:50:13,77
09:50:23,79
09:50:28,80
09:50:33,79
09:50:48,79
09:50:53,79
09:51:03,78
09:51:08,77
09:51:23,79
09:51:28,80
09:51:38,83
09:51:43,85
09:51:48,87
09:51:58,86
09:52:08,85
09:52:18,85
09:52:28,84
09:52:33,82
09:52:38,80
09:52:43,79
09:52:58,78
09:53:03,77
09:53:13,76
09:53:28,76
09:53:33,75
09:53:38,73
09:53:53,74
09:54:03,75
09:54:08,76
09:54:13,79
09:54:28,79
09:54:38,78
09:54:43,77
09:54:53,78
09:55:08,79
09:55:23,77
09:55:28,79
09:55:33,84
09:55:38,80
09:55:43,79
09:55:48,79
09:55:53,78
09:56:08,78
09:56:13,79
09:56:18,81
09:56:33,81
09:56:38,80
09:56:48,78
09:56:53,75
09:57:08,76
09:57:23,76
09:57:33,76
09:57:48,75
09:57:58,76
09:58:13,77
09:58:18,78
09:58:23,82
09:58:28,80
09:58:33,76
09:58:38,73
09:58:43,70
09:58:58,70
09:59:13,70
09:59:18,69
09:59:23,68
09:59:33,69
09:59:38,70
09:59:43,71
09:59:48,72
09:59:53,71
09:59:58,70
10:00:13,72
10:00:18,75
10:00:28,74
10:00:33,73
10:00:38,71
10:00:43,74
10:00:48,76
10:00:53,76
10:01:08,76
10:01:18,79
10:01:28,78
10:01:33,78
10:01:48,78
10:01:58,78
10:02:04,77
10:02:19,77
10:02:29,76
10:02:39,75
10:02:54,76
10:03:09,76
10:03:24,78
10:03:34,76
10:03:39,75
10:03:44,74
10:03:49,76
10:03:54,81
10:03:59,83
10:04:09,82
10:04:14,76
10:04:24,77
10:04:34,78
10:04:44,79
10:04:49,84
10:04:54,91
10:04:59,92
10:05:04,90
10:05:09,87
10:05:14,83
10:05:19,80
10:05:24,81
10:05:39,81
10:05:44,82
10:05:54,81
10:06:09,81
10:06:14,80
10:06:29,80
10:06:44,80
10:06:49,79
10:07:04,79
10:07:19,78
10:07:24,77
10:07:29,76
10:07:34,75
10:07:49,75
10:07:54,76
10:07:59,75
10:08:14,77
10:08:19,88
10:08:24,92
10:08:34,83
10:08:39,82
10:08:44,80
10:08:49,74
10:08:54,71
10:09:04,70
10:09:09,71
10:09:14,72
10:09:24,73
10:09:29,73
10:09:44,73
10:09:54,72
10:09:59,68
10:10:04,69
10:10:09,71
10:10:19,70
10:10:24,71
10:10:39,71
10:10:54,71
10:11:09,71
10:11:14,73
10:11:19,74
10:11:24,73
10:11:29,74
10:11:34,73
10:11:44,74
10:11:59,74
10:12:04,73
10:12:09,72
10:12:14,71
10:12:19,68
10:12:29,68
10:12:39,69
10:12:54,69
10:12:59,68
10:13:14,68
10:13:29,69
10:13:34,71
10:13:44,70
10:13:54,72
10:13:59,74
10:14:09,73
10:14:14,72
10:14:19,71
10:14:24,68
10:14:29,66
10:14:34,65
10:14:44,69
10:14:49,72
10:14:54,73
10:14:59,68
10:15:04,67
10:15:09,68
10:15:19,69
10:15:24,70
10:15:29,69
10:15:39,70
10:15:54,70
10:16:04,71
10:16:09,72
10:16:14,73
10:16:19,71
10:16:24,67
10:16:29,65
10:16:44,66
10:16:49,67
10:16:54,69
10:16:59,72
10:17:04,71
10:17:09,72
10:17:14,71
10:17:24,72
10:17:39,72
10:17:44,73
10:17:54,72
10:18:09,72
10:18:19,75
10:18:29,74
10:18:34,75
10:18:39,74
10:18:49,74
10:19:04,74
10:19:09,77
10:19:14,77
10:19:24,78
10:19:29,77
10:19:35,77
10:19:45,78
10:20:00,79
10:20:05,80
10:20:20,79
10:20:25,80
10:20:35,81
10:20:40,82
10:20:50,77
10:20:55,73
10:21:00,72
10:21:10,72
10:21:15,72
10:21:25,73
10:21:30,74
10:21:35,75
10:21:40,79
10:21:45,78
10:21:50,81
10:21:55,85
10:22:00,88
10:22:05,91
10:22:10,93
10:22:15,93
10:22:25,94
10:22:30,95
10:22:35,94
10:22:40,92
10:22:45,91
10:22:50,92
10:22:55,91
10:23:00,90
10:23:05,89
10:23:15,90
10:23:20,92
10:23:30,88
10:23:40,89
10:23:55,86
10:24:10,87
10:24:15,86
10:24:20,84
10:24:25,81
10:24:30,81
10:24:45,82
10:24:50,83
10:24:55,85
10:25:00,85
10:25:05,85
10:25:10,84
10:25:20,85
10:25:25,86
10:25:30,88
10:25:35,89
10:25:45,90
10:25:50,92
10:25:55,93
10:26:00,97
10:26:05,98
10:26:10,97
10:26:15,95
10:26:20,102
10:26:25,109
10:26:30,112
10:26:35,114
10:26:50,114
10:27:00,113
10:27:05,111
10:27:10,113
10:27:15,111
10:27:20,113
10:27:25,114
10:27:30,115
10:27:35,114
10:27:40,108
10:27:45,107
10:27:50,105
10:28:00,100
10:28:05,94
10:28:10,90
10:28:15,94
10:28:25,92
10:28:30,92
10:28:45,92
10:28:50,93
10:29:00,91
10:29:05,97
10:29:10,101
10:29:20,103
10:29:25,101
10:29:30,100
10:29:35,99
10:29:40,98
10:29:55,95
10:30:00,94
10:30:10,95
10:30:15,94
10:30:20,93
10:30:30,92
10:30:40,93
10:30:45,94
10:30:50,95
10:30:55,96
10:31:05,99
10:31:10,100
10:31:15,97
10:31:20,96
10:31:25,95
10:31:30,94
10:31:35,92
10:31:45,90
10:31:50,89
10:31:55,88
10:32:10,91
10:32:15,96
10:32:20,95
10:32:25,94
10:32:30,95
10:32:35,94
10:32:40,92
10:32:45,90
10:32:55,90
10:33:05,88
10:33:10,88
10:33:15,84
10:33:20,79
10:33:25,73
10:33:30,71
10:33:35,72
10:33:40,73
10:33:55,68
10:34:00,67
10:34:05,68
10:34:15,69
10:34:30,69
10:34:36,76
10:34:41,78
10:34:56,77
10:35:01,75
10:35:11,74
10:35:16,75
10:35:31,74
10:35:36,73
10:35:46,74
10:35:51,76
10:36:01,74
10:36:16,74
10:36:26,72
10:36:36,71
10:36:51,72
10:37:01,71
10:37:06,70
10:37:11,68
10:37:16,66
10:37:21,67
10:37:26,66
10:37:36,67
10:37:46,66
10:37:56,67
10:38:01,68
10:38:06,69
10:38:11,70
10:38:16,69
10:38:26,70
10:38:41,71
10:38:51,73
10:38:56,74
10:39:01,75
10:39:06,73
10:39:11,69
10:39:16,70
10:39:26,71
10:39:41,70
10:39:46,68
10:39:56,69
10:40:01,69
10:40:16,70
10:40:21,71
10:40:26,72
10:40:36,73
10:40:41,72
10:40:46,71
10:40:56,72
10:41:06,73
10:41:11,71
10:41:26,70
10:41:36,71
10:41:41,72
10:41:46,73
10:41:51,72
10:42:01,71
10:42:11,72
10:42:26,72
10:42:31,71
10:42:36,70
10:42:46,71
10:42:51,72
10:42:56,73
10:43:11,75
10:43:21,82
10:43:26,83
10:43:31,82
10:43:41,81
10:43:46,79
10:43:51,78
10:44:01,77
10:44:06,82
10:44:11,83
10:44:21,82
10:44:31,81
10:44:41,80
10:44:51,79
10:44:56,78
10:45:11,79
10:45:16,85
10:45:21,87
10:45:26,88
10:45:31,88
10:45:46,88
10:45:51,87
10:46:06,88
10:46:21,89
10:46:36,89
10:46:41,90
10:46:46,89
10:46:56,91
10:47:01,89
10:47:06,88
10:47:11,87
10:47:16,84
10:47:21,82
10:47:26,83
10:47:41,84
10:47:56,84
10:48:01,83
10:48:06,82
10:48:21,82
10:48:26,83
10:48:31,82
10:48:46,83
10:48:51,82
10:49:06,81
10:49:11,82
10:49:16,84
10:49:21,83
10:49:26,82
10:49:36,83
10:49:41,84
10:49:46,85
10:49:51,84
10:50:06,84
10:50:11,83
10:50:26,82
10:50:31,81
10:50:36,81
10:50:41,82
10:50:46,83
10:51:01,84
10:51:06,83
10:51:16,84
10:51:21,82
10:51:26,79
10:51:41,79
10:51:56,80
10:52:01,82
10:52:06,83
10:52:11,82
10:52:16,81
10:52:22,80
10:52:32,81
10:52:47,81
10:52:52,80
10:53:02,81
10:53:17,84
10:53:22,88
10:53:27,87
10:53:32,86
10:53:37,85
10:53:52,85
10:53:57,86
10:54:02,85
10:54:12,77
10:54:17,75
10:54:27,75
10:54:32,76
10:54:47,76
10:54:57,77
10:55:02,79
10:55:07,80
10:55:12,79
10:55:17,82
10:55:22,79
10:55:27,78
10:55:42,78
10:55:57,79
10:56:02,79
10:56:12,80
10:56:17,81
10:56:22,83
10:56:27,84
10:56:32,85
10:56:37,84
10:56:52,83
10:56:57,85
10:57:02,84
10:57:07,85
10:57:12,86
10:57:22,87
10:57:32,88
10:57:37,90
10:57:47,92
10:57:52,95
10:57:57,97
10:58:12,96
10:58:17,96
10:58:27,97
10:58:32,103
10:58:37,104
10:58:42,101
10:58:47,100
10:58:52,100
10:58:57,101
10:59:02,99
10:59:07,98
10:59:12,104
10:59:17,107
10:59:27,106
10:59:32,105
10:59:37,104
10:59:42,102
10:59:47,95
10:59:52,91
10:59:57,89
11:00:02,88
11:00:07,87
11:00:12,86
11:00:17,85
11:00:22,84
11:00:32,83
11:00:37,82
11:00:42,80
11:00:47,78
11:01:02,78
11:01:07,77
11:01:12,76
11:01:17,74
11:01:22,73
11:01:27,71
11:01:32,69
11:01:37,69
11:01:47,70
11:01:52,71
11:02:02,70
11:02:12,69
11:02:17,68
11:02:22,66
11:02:27,65
11:02:32,66
11:02:42,67
11:02:47,68
11:03:02,69
11:03:07,71
11:03:17,70
11:03:22,72
11:03:37,73
11:03:42,72
11:03:47,73
11:03:52,72
11:04:07,73
11:04:12,72
11:04:17,71
11:04:22,69
11:04:27,64
11:04:37,64
11:04:52,65
11:04:57,67
11:05:02,70
11:05:17,71
11:05:22,72
11:05:27,73
11:05:37,74
11:05:47,72
11:05:52,70
11:05:57,68
11:06:02,69
11:06:17,69
11:06:32,69
11:06:37,72
11:06:42,75
11:06:47,74
11:06:52,72
11:06:57,70
11:07:02,70
11:07:17,70
11:07:22,69
11:07:32,67
11:07:37,65
11:07:47,64
11:07:52,64
11:07:57,65
11:08:02,66
11:08:07,67
11:08:22,68
11:08:27,67
11:08:32,65
11:08:47,65
11:12:13,73
11:12:23,75
11:12:28,74
11:12:33,73
11:12:38,72
11:12:48,71
11:12:58,70
11:13:08,71
11:13:13,70
11:13:28,70
11:13:43,70
11:13:53,72
11:14:08,72
11:14:23,72
11:14:33,71
11:14:38,70
11:14:43,69
11:14:58,69
11:15:08,70
11:15:18,69
11:15:23,68
11:15:33,69
11:15:43,68
11:15:58,68
11:16:08,69
11:16:18,70
11:16:23,71
11:16:28,72
11:16:38,73
11:16:43,72
11:16:48,74
11:16:53,76
11:16:58,73
11:17:03,74
11:17:08,72
11:17:13,70
11:17:18,69
11:17:23,70
11:17:38,71
11:17:43,73
11:17:48,76
11:17:53,77
11:17:58,76
11:18:13,77
11:18:23,76
11:18:33,74
11:18:38,71
11:18:43,70
11:18:53,71
11:19:08,71
11:19:23,72
11:19:28,73
11:19:33,74
11:19:38,73
11:19:43,70
11:19:48,71
11:19:53,72
11:19:58,70
11:20:03,68
11:20:08,66
11:20:23,65
11:20:28,66
11:20:38,67
11:20:53,68
11:20:58,69
11:21:03,72
11:21:13,71
11:21:18,70
11:21:33,70
11:21:38,69
11:21:53,68
11:22:08,68
11:22:18,69
11:22:33,69
11:22:38,67
11:22:48,68
11:22:53,69
11:23:08,69
11:23:13,68
11:23:23,69
11:23:28,70
11:23:33,70
11:23:38,71
11:23:53,71
11:24:03,70
11:24:08,71
11:24:18,73
11:24:23,74
11:24:28,78
11:24:33,74
11:24:38,71
11:24:43,72
11:24:53,73
11:25:03,74
11:25:18,74
11:25:23,73
11:25:28,72
11:25:43,72
11:25:48,75
11:25:58,74
11:26:03,72
11:26:08,70
11:26:13,66
11:26:18,67
11:26:28,69
11:26:33,73
11:26:38,75
11:26:44,74
11:26:49,72
11:26:54,71
11:26:59,72
11:27:04,75
11:27:09,75
11:27:14,74
11:27:19,72
11:27:24,71
11:27:34,72
11:27:49,71
11:28:04,71
11:28:09,72
11:28:19,72
11:28:24,73
11:28:39,73
11:28:44,72
11:28:49,70
11:28:54,70
11:28:59,71
11:29:04,71
11:29:09,72
11:29:24,73
11:29:34,71
11:29:39,72
11:29:44,72
11:29:49,74
11:29:54,75
11:30:09,74
11:30:14,73
11:30:19,72
11:30:24,71
11:30:34,69
11:30:39,68
11:30:54,69
11:31:09,69
11:31:14,70
11:31:19,72
11:31:24,73
11:31:29,69
11:31:34,68
11:31:49,69
11:31:54,70
11:31:59,73
11:32:04,76
11:32:09,77
11:32:24,77
11:32:39,76
11:32:44,75
11:32:49,77
11:32:54,82
11:32:59,81
11:33:04,78
11:33:09,74
11:33:14,73
11:33:19,70
11:33:24,68
11:33:34,67
11:33:44,68
11:33:49,68
11:33:59,68
11:34:04,67
11:34:09,65
11:34:14,64
11:34:19,62
11:34:29,63
11:34:34,62
11:34:49,63
11:34:59,64
11:35:04,63
11:35:19,63
11:35:29,64
11:35:34,63
11:35:39,62
11:35:44,61
11:35:49,60
11:36:04,61
11:36:09,61
11:36:14,61
11:36:19,60
11:36:29,61
11:36:34,60
11:36:39,62
11:36:49,64
11:36:54,64
11:36:59,63
11:37:04,63
11:37:14,62
11:37:19,63
11:37:29,64
11:37:39,64
11:37:44,62
11:37:49,60
11:38:04,60
11:38:19,61
11:38:24,58
11:38:34,59
11:38:49,60
11:38:54,60
11:38:59,61
11:39:04,59
11:39:09,58
11:39:14,59
11:39:19,60
11:39:34,61
11:39:39,62
11:39:44,63
11:39:49,63
11:39:54,63
11:39:59,59
11:40:09,58
11:40:14,57
11:40:19,59
11:40:24,59
11:40:39,59
11:40:44,60
11:40:59,58
11:41:04,59
11:41:09,60
11:41:14,61
11:41:19,60
11:41:24,58
11:41:29,59
11:41:34,60
11:41:39,59
11:41:54,59
11:41:59,58
11:42:14,57
11:42:24,58
11:42:29,59
11:42:44,60
11:42:49,59
11:43:04,59
11:43:21,58
11:43:26,61
11:43:31,60
11:43:36,61
11:43:41,61
11:43:46,60
11:43:51,58
11:43:56,61
11:44:01,60
11:44:16,60
11:46:02,60
11:46:12,59
11:46:22,58
11:46:27,57
11:46:32,59
11:46:37,60
11:46:47,61
11:46:52,70
11:46:57,78
11:47:07,77
11:47:12,79
11:47:17,81
11:47:22,80
11:47:27,76
11:47:32,74
11:47:37,72
11:47:42,71
11:47:47,71
11:47:57,72
11:48:02,74
11:48:07,75
11:48:17,79
11:48:22,77
11:48:27,74
11:48:32,70
11:48:38,68
11:48:53,68
11:49:03,69
11:49:18,69
11:49:23,66
11:49:28,65
11:49:33,64
11:49:38,63
11:49:43,62
11:49:48,63
11:49:58,64
11:50:03,63
11:50:08,62
11:50:13,61
11:50:28,61
11:50:33,61
11:50:48,61
11:50:53,72
11:50:58,76
11:51:03,74
11:51:08,72
11:51:13,70
11:51:18,66
11:51:23,64
11:51:28,62
11:51:33,61
11:51:39,62
11:51:44,63
11:51:49,62
11:51:54,61
11:51:59,61
11:52:09,66
11:52:14,67
11:52:19,66
11:52:24,65
11:52:29,62
11:52:34,61
11:52:39,60
11:52:49,61
11:52:54,62
11:52:59,62
11:53:04,64
11:53:09,65
11:53:14,64
11:53:19,63
11:53:24,62
11:53:29,61
11:53:39,60
11:53:54,60
11:53:59,62
11:54:04,62
11:54:09,60
11:54:14,62
11:54:19,62
11:54:29,61
11:54:34,60
11:54:39,59
11:54:44,60
11:54:49,62
11:54:54,64
11:54:59,65
11:55:04,64
11:55:14,62
11:55:19,61
11:55:24,61
11:55:29,59
11:55:34,57
11:55:44,56
11:55:54,57
11:56:04,58
11:56:09,60
11:56:14,64
11:56:19,67
11:56:24,65
11:56:29,62
11:56:34,59
11:56:39,57
11:56:44,56
11:56:49,55
11:56:54,56
11:56:59,56
11:57:09,57
11:57:24,57
11:57:29,58
11:57:34,61
11:57:39,65
11:57:44,66
11:57:49,65
11:57:59,64
11:58:04,61
11:58:09,58
11:58:14,57
11:58:24,57
11:58:39,59
11:58:44,60
11:58:49,59
11:58:59,58
11:59:14,60
11:59:24,59
11:59:34,58
11:59:39,59
11:59:44,58
11:59:49,57
11:59:54,58
11:59:59,59
12:00:04,58
12:00:09,59
12:00:14,58
12:00:24,59
12:00:39,60
12:00:49,59
12:00:54,58
12:01:09,60
12:01:14,59
12:01:19,58
12:01:29,57
12:01:34,58
12:01:49,58
12:01:54,58
12:01:59,60
12:02:04,61
12:02:19,60
12:02:24,59
12:02:29,58
12:02:39,58
12:02:44,56
12:02:49,57
12:03:04,58
12:03:09,73
12:03:14,78
12:03:19,76
12:03:24,69
12:03:29,64
12:03:34,61
12:03:44,60
12:03:49,59
12:04:04,58
12:04:09,59
12:04:14,60
12:04:24,59
12:04:29,57
12:04:34,59
12:04:39,62
12:04:44,61
12:04:54,60
12:05:04,60
12:05:14,61
12:05:29,61
12:05:34,67
12:05:39,75
12:05:49,74
12:06:04,75
12:06:09,76
12:06:19,77
12:06:24,78
12:06:34,79
12:06:39,78
12:06:44,74
12:06:49,72
12:06:59,73
12:07:04,78
12:07:09,79
12:07:14,81
12:07:19,84
12:07:24,83
12:07:29,84
12:07:34,89
12:07:39,90
12:07:44,94
12:07:49,96
12:07:54,99
12:07:59,102
12:08:04,104
12:08:14,105
12:08:19,103
12:08:24,97
12:08:29,94
12:08:34,90
12:08:39,89
12:08:44,85
12:08:59,85
12:09:14,85
12:09:19,83
12:09:29,80
12:09:35,77
12:09:40,75
12:09:55,80
12:10:00,82
12:10:05,83
12:10:15,85
12:10:20,87
12:10:25,89
12:10:35,89
12:10:40,88
12:10:45,87
12:10:50,86
12:10:55,85
12:11:00,84
12:11:05,83
12:11:10,80
12:11:20,79
12:11:30,78
12:11:40,79
12:11:45,78
12:11:50,77
12:12:05,73
12:12:10,74
12:12:15,75
12:12:25,76
12:12:35,77
12:12:40,78
12:12:45,79
12:12:50,80
12:12:55,79
12:13:05,73
12:13:10,74
12:13:25,76
12:13:30,78
12:13:35,77
12:13:40,76
12:13:45,75
12:13:55,74
12:14:00,73
12:14:05,72
12:14:10,64
12:14:15,66
12:14:30,67
12:14:35,68
12:14:40,66
12:14:45,65
12:14:50,66
12:14:55,65
12:15:00,70
12:15:10,69
12:15:20,70
12:15:25,71
12:15:30,72
12:15:40,73
12:15:45,72
12:15:50,72
12:15:55,71
12:16:00,70
12:16:10,68
12:16:15,67
12:16:20,69
12:16:25,70
12:16:30,74
12:16:35,77
12:16:40,76
12:16:45,75
12:16:50,73
12:16:55,74
12:17:10,75
12:17:15,76
12:17:25,79
12:17:35,71
12:17:40,66
12:17:45,61
12:17:50,65
12:17:55,67
12:18:05,67
12:18:20,67
12:18:30,68
12:18:35,67
12:18:40,65
12:18:45,65
12:18:50,65
12:19:05,65
12:19:10,66
12:19:15,67
12:19:30,68
12:19:45,67
12:19:55,68
12:20:05,69
12:20:15,76
12:20:20,76
12:20:25,77
12:20:35,74
12:20:40,66
12:20:45,64
12:20:50,63
12:20:55,62
12:21:00,61
12:21:05,62
12:21:15,65
12:21:20,68
12:21:25,70
12:21:30,69
12:21:35,66
12:21:40,63
12:21:50,65
12:21:55,72
12:22:00,73
12:22:10,72
12:22:15,71
12:22:30,71
12:22:45,71
12:22:50,74
12:22:55,75
12:23:05,74
12:23:10,75
12:23:20,74
12:23:25,73
12:23:30,72
12:23:35,70
12:23:40,66
12:23:45,69
12:23:55,70
12:24:00,70
12:24:15,70
12:24:20,72
12:24:25,70
12:24:30,67
12:24:35,66
12:24:40,65
12:24:45,62
12:24:50,63
12:24:55,65
12:25:01,66
12:25:06,67
12:25:21,63
12:25:26,60
12:25:31,59
12:25:46,60
12:25:51,60
12:25:56,61
12:26:06,62
12:26:11,66
12:26:21,67
12:26:26,67
12:26:31,67
12:26:36,69
12:26:41,70
12:26:56,72
12:27:01,73
12:27:06,74
12:27:21,74
12:27:26,73
12:27:31,72
12:27:36,71
12:27:51,70
12:27:56,68
12:28:01,67
12:28:16,68
12:28:21,69
12:28:26,70
12:28:31,71
12:28:46,72
12:28:56,73
12:29:06,67
12:29:11,66
12:29:26,66
12:29:31,72
12:29:36,76
12:29:41,75
12:29:46,74
12:29:51,73
12:29:56,71
12:30:01,69
12:30:06,68
12:30:11,67
12:30:16,68
12:30:26,67
12:30:36,69
12:30:41,71
12:30:46,68
12:30:51,67
12:30:56,66
12:31:01,67
12:31:16,68
12:31:26,67
12:31:36,65
12:31:41,65
12:31:51,65
12:32:06,65
12:32:21,65
12:32:36,66
12:32:51,66
12:33:06,66
12:33:11,67
12:33:16,69
12:33:26,70
12:33:31,71
12:33:36,72
12:33:41,73
12:33:46,72
12:33:51,71
12:33:56,70
12:34:01,68
12:34:11,67
12:34:16,66
12:34:31,66
12:34:46,65
12:34:51,63
12:34:56,64
12:35:01,64
12:35:06,65
12:35:16,64
12:35:21,64
12:35:26,64
12:35:31,64
12:35:36,63
12:35:41,63
12:35:46,64
12:35:56,65
12:36:01,65
12:36:16,65
12:36:21,64
12:36:26,64
12:36:31,65
12:36:46,66
12:36:56,67
12:37:06,68
12:37:11,66
12:37:26,66
12:37:31,67
12:37:36,68
12:37:41,69
12:37:56,69
12:38:01,68
12:38:16,68
12:38:31,67
12:38:46,68
12:38:56,70
12:39:01,71
12:39:06,69
12:39:11,65
12:39:16,64
12:39:26,64
12:39:36,65
12:39:41,76
12:39:46,77
12:39:56,76
12:40:01,75
12:40:16,75
12:40:21,74
12:40:31,73
12:40:41,72
12:40:51,71
12:40:56,72
12:41:11,74
12:41:21,75
12:41:26,77
12:41:31,79
12:41:36,81
12:41:41,84
12:41:46,88
12:41:56,87
12:42:01,80
12:42:06,80
12:42:11,78
12:42:16,77
12:42:22,75
12:42:27,73
12:42:42,73
12:42:57,73
12:43:12,74
12:43:17,70
12:43:22,68
12:43:27,67
12:43:32,71
12:43:37,70
12:43:47,72
12:43:52,73
12:44:02,72
12:44:17,72
12:44:27,71
12:44:32,70
12:44:37,68
12:44:42,66
12:44:47,67
12:45:02,69
12:45:17,70
12:45:32,71
12:45:42,72
12:45:57,73
12:46:02,72
12:46:07,70
12:46:12,69
12:46:17,69
12:46:27,71
12:46:32,72
12:46:42,71
12:46:52,72
12:47:02,73
12:47:07,71
12:47:12,69
12:47:27,71
12:47:37,70
12:47:47,69
12:47:52,70
12:47:57,69
12:48:02,76
12:48:07,79
12:48:12,78
12:48:22,79
12:48:27,80
12:48:32,78
12:48:37,76
12:48:52,78
12:49:02,79
12:49:07,80
12:49:12,81
12:49:17,80
12:49:32,80
12:49:37,79
12:49:42,78
12:49:52,77
12:50:02,76
12:50:07,77
12:50:17,78
12:50:27,79
12:50:37,80
12:50:42,84
12:50:47,86
12:50:52,87
12:50:57,90
12:51:02,92
12:51:12,94
12:51:17,93
12:51:27,89
12:51:32,87
12:51:37,85
12:51:47,84
12:51:52,83
12:51:57,82
12:52:02,82
12:52:12,83
12:52:17,84
12:52:32,86
12:52:37,89
12:52:42,90
12:52:47,91
12:52:52,93
12:52:57,92
12:53:02,91
12:53:07,92
12:53:17,93
12:53:22,90
12:53:27,89
12:53:37,85
12:53:42,81
12:53:57,81
12:54:02,82
12:54:07,85
12:54:17,84
12:54:22,76
12:54:32,77
12:54:37,78
12:54:42,79
12:54:47,78
12:54:52,76
12:55:02,77
12:55:07,79
12:55:12,81
12:55:17,82
12:55:22,83
12:55:27,84
12:55:32,86
12:55:37,88
12:55:42,89
12:55:47,90
12:55:52,89
12:55:57,88
12:56:02,86
12:56:07,82
12:56:12,80
12:56:17,79
12:56:27,78
12:56:37,77
12:56:42,78
12:56:47,77
12:56:52,76
12:57:02,77
12:57:12,76
12:57:22,77
12:57:32,79
12:57:37,80
12:57:42,81
12:57:47,79
12:57:52,75
12:57:57,74
12:58:07,75
12:58:17,74
12:58:27,72
12:58:32,61
12:58:38,62
12:58:43,64
12:58:48,63
12:58:53,64
12:58:58,66
12:59:03,68
12:59:08,70
12:59:13,68
12:59:18,68
12:59:33,68
12:59:48,70
12:59:53,72
12:59:58,74
13:00:03,75
13:00:08,83
13:00:13,84
13:00:23,79
13:00:28,72
13:00:43,73
13:00:48,74
13:00:53,75
13:00:58,77
13:01:03,78
13:01:08,79
13:01:13,78
13:01:18,77
13:01:23,76
13:01:28,74
13:01:43,76
13:01:48,77
13:01:53,78
13:01:58,79
13:02:08,78
13:02:18,80
13:02:33,82
13:02:38,83
13:02:48,82
13:02:53,81
13:03:03,82
13:03:08,80
13:03:13,78
13:03:18,77
13:03:23,72
13:03:28,70
13:03:33,71
13:03:38,72
13:03:43,73
13:03:48,75
13:03:53,76
13:04:03,78
13:04:08,79
13:04:18,80
13:04:23,82
13:04:28,84
13:04:33,85
13:04:48,85
13:04:58,84
13:05:08,83
13:05:23,83
13:05:28,82
13:05:38,81
13:05:43,80
13:05:48,78
13:05:53,77
13:06:08,77
13:06:13,78
13:06:28,81
13:06:43,82
13:06:53,84
13:07:08,84
13:07:13,82
13:07:18,83
13:07:23,82
13:07:28,83
13:07:33,82
13:07:38,85
13:07:43,84
13:07:58,85
13:08:08,84
13:08:13,86
13:08:18,87
13:08:23,85
13:08:28,86
13:08:38,85
13:08:43,84
13:08:48,85
13:08:58,86
13:09:03,87
13:09:13,88
13:09:28,87
13:09:38,86
13:09:43,83
13:09:58,83
13:10:03,82
13:10:18,82
13:10:33,80
13:10:38,77
13:10:43,75
13:10:48,75
13:11:03,75
13:11:18,78
13:11:23,82
13:11:28,79
13:11:33,76
13:11:38,74
13:11:43,73
13:11:48,74
13:11:53,74
13:11:58,72
13:12:03,69
13:12:08,68
13:12:13,69
13:12:28,71
13:12:33,74
13:12:38,76
13:12:43,79
13:12:58,78
13:13:03,76
13:13:08,75
13:13:13,74
13:13:18,73
13:13:23,66
13:13:33,68
13:13:38,69
13:13:48,70
13:13:53,71
13:14:03,72
13:14:08,73
13:14:13,72
13:14:28,71
13:14:33,70
13:14:43,71
13:14:48,74
13:14:53,75
13:14:58,75
13:15:03,80
13:15:08,81
13:15:23,84
13:15:28,85
13:15:33,86
13:15:48,86
13:15:53,82
13:15:58,75
13:16:03,75
13:16:08,76
13:16:13,75
13:16:28,75
13:16:38,76
13:16:43,77
13:16:48,76
13:16:58,75
13:17:13,75
13:17:23,73
13:17:28,70
13:17:33,70
13:17:43,71
13:17:53,72
13:17:58,74
13:18:03,78
13:18:08,80
13:18:14,75
13:18:19,71
13:18:24,68
13:18:29,67
13:18:39,68
13:18:49,69
13:18:54,70
13:18:59,71
13:19:14,71
13:19:19,71
13:19:29,70
13:19:34,70
13:19:44,70
13:19:49,71
13:19:54,75
13:20:04,81
13:20:09,82
13:20:14,83
13:20:19,85
13:20:24,86
13:20:39,86
13:20:44,85
13:20:49,82
13:20:54,76
13:21:09,76
13:21:14,77
13:21:19,78
13:21:24,80
13:21:29,81
13:21:44,78
13:21:49,77
13:21:54,78
13:21:59,79
13:22:04,80
13:22:09,81
13:22:14,82
13:22:24,83
13:22:29,82
13:22:34,81
13:22:39,80
13:22:44,82
13:22:54,76
13:22:59,73
13:23:04,73
13:23:09,74
13:23:19,75
13:23:24,76
13:23:29,81
13:23:34,84
13:23:39,80
13:23:44,76
13:23:49,75
13:23:54,74
13:23:59,67
13:24:04,66
13:24:09,69
13:24:14,70
13:24:19,71
13:24:34,72
13:24:44,73
13:24:49,74
13:24:59,75
13:25:04,74
13:25:09,72
13:25:24,72
13:25:34,73
13:25:39,75
13:25:44,77
13:25:59,78
13:26:09,79
13:26:19,80
13:26:29,79
13:26:34,78
13:26:39,75
13:26:44,73
13:26:49,70
13:26:54,69
13:27:04,70
13:27:19,70
13:27:24,71
13:27:29,73
13:27:34,73
13:27:49,72
13:28:04,72
13:28:09,73
13:28:14,74
13:28:29,74
13:28:39,79
13:28:44,80
13:28:54,79
13:28:59,78
13:29:04,74
13:29:09,69
13:29:14,66
13:29:19,66
13:29:29,67
13:29:34,73
13:29:39,76
13:29:44,77
13:29:49,78
13:29:54,79
13:29:59,78
13:30:14,78
13:30:24,79
13:30:29,78
13:30:39,76
13:30:44,75
13:30:54,76
13:30:59,78
13:31:04,79
13:31:09,77
13:31:14,75
13:31:19,74
13:31:24,75
13:31:34,74
13:31:44,75
13:31:49,73
13:31:54,70
13:31:59,68
13:32:09,69
13:32:24,70
13:32:29,70
13:32:39,75
13:32:44,78
13:32:49,78
13:33:04,78
13:33:09,77
13:33:14,80
13:33:19,81
13:33:24,82
13:33:29,83
13:33:34,80
13:33:39,76
13:33:44,72
13:33:49,70
13:33:55,70
13:34:00,73
13:34:05,81
13:34:15,78
13:34:20,77
13:34:25,76
13:34:30,73
13:34:35,70
13:34:40,71
13:34:45,72
13:34:50,73
13:34:55,74
13:35:05,75
13:35:10,76
13:35:20,75
13:35:25,74
13:35:30,73
13:35:35,72
13:35:45,73
13:35:50,74
13:35:55,76
13:36:00,74
13:36:05,73
13:36:10,72
13:36:15,70
13:36:20,72
13:36:25,73
13:36:30,74
13:36:45,74
13:37:00,72
13:37:05,68
13:37:15,69
13:37:20,70
13:37:30,72
13:37:35,73
13:37:40,75
13:37:45,76
13:38:00,76
13:38:05,74
13:38:20,73
13:38:30,73
13:38:45,73
13:38:50,74
13:38:55,77
13:39:00,78
13:39:05,76
13:39:10,74
13:39:15,67
13:39:25,68
13:39:30,67
13:39:35,67
13:39:40,66
13:39:55,67
13:40:00,67
13:40:05,66
13:40:10,66
13:40:25,68
13:40:30,69
13:40:35,70
13:40:40,72
13:40:45,76
13:40:50,77
13:40:55,76
13:41:00,74
13:41:05,71
13:41:10,70
13:41:20,71
13:41:25,74
13:41:30,86
13:41:35,87
13:41:40,85
13:41:45,84
13:41:50,80
13:41:55,78
13:42:00,76
13:42:05,74
13:42:10,73
13:42:20,74
13:42:25,75
13:42:30,75
13:42:35,76
13:42:40,74
13:42:45,72
13:42:55,73
13:43:00,74
13:43:05,75
13:43:10,74
13:43:15,73
13:43:20,72
13:43:25,71
13:43:40,71
13:43:45,71
13:43:50,74
13:43:55,79
13:44:00,81
13:44:05,80
13:44:10,77
13:44:15,76
13:44:20,74
13:44:25,73
13:44:30,72
13:44:40,72
13:44:55,72
13:45:05,71
13:45:15,70
13:45:20,71
13:45:25,72
13:45:30,71
13:45:35,70
13:45:40,69
13:45:50,68
13:46:05,69
13:46:15,70
13:46:25,69
13:46:30,67
13:46:35,66
13:46:45,65
13:46:55,64
13:47:00,63
13:47:15,64
13:47:20,66
13:47:25,68
13:47:30,69
13:47:40,68
13:47:45,67
13:47:50,65
13:48:05,66
13:48:10,69
13:48:15,70
13:48:25,69
13:48:30,67
13:48:35,65
13:48:40,64
13:48:45,64
13:49:00,64
13:49:10,64
13:49:15,65
13:49:20,68
13:49:25,74
13:49:40,74
13:49:45,71
13:50:00,71
13:50:05,74
13:50:10,75
13:50:15,78
13:50:20,79
13:50:30,80
13:50:35,81
13:50:45,78
13:50:50,79
13:50:55,83
13:51:05,84
13:51:10,86
13:51:15,89
13:51:20,87
13:51:35,87
13:51:50,88
13:51:51,86
13:51:56,85
13:52:01,86
13:52:06,87
13:52:11,88
13:52:21,89
13:52:26,87
13:52:41,87
13:52:56,87
13:53:01,88
13:53:06,89
13:53:21,89
13:53:26,88
13:53:31,86
13:53:41,87
13:53:46,86
13:53:51,85
13:53:56,88
13:54:01,89
13:54:11,90
13:54:21,89
13:54:26,88
13:54:31,89
13:54:41,92
13:54:46,96
13:54:51,94
13:54:56,93
13:55:01,92
13:55:06,90
13:55:11,89
13:55:16,84
13:55:21,81
13:55:31,80
13:55:41,81
13:55:46,82
13:55:51,83
13:55:56,82
13:56:06,78
13:56:11,77
13:56:16,72
13:56:21,70
13:56:31,69
13:56:46,68
13:56:51,68
13:56:56,69
13:57:01,70
13:57:06,71
13:57:11,72
13:57:16,73
13:57:21,72
13:57:26,71
13:57:41,71
13:57:46,70
13:57:51,71
13:57:56,72
13:58:11,75
13:58:16,77
13:58:21,78
13:58:26,77
13:58:31,78
13:58:36,79
13:58:46,80
13:59:01,80
13:59:06,77
13:59:11,72
13:59:16,71
13:59:21,73
13:59:26,75
13:59:31,77
13:59:41,73
13:59:46,69
13:59:51,68
13:59:56,68
14:00:01,69
14:00:06,70
14:00:11,71
14:00:16,72
14:00:21,73
14:00:36,73
14:00:46,71
14:00:51,70
14:00:56,71
14:01:01,73
14:01:06,74
14:01:11,74
14:01:16,73
14:01:21,72
14:01:31,77
14:01:36,79
14:01:41,76
14:01:56,76
14:02:01,74
14:02:16,75
14:02:21,73
14:02:26,71
14:02:31,66
14:02:46,66
14:02:51,69
14:02:56,70
14:03:01,71
14:03:06,74
14:03:11,75
14:03:16,76
14:03:21,73
14:03:26,68
14:03:31,65
14:03:36,64
14:03:41,67
14:03:46,69
14:03:51,70
14:03:56,69
14:04:06,68
14:04:16,69
14:04:21,69
14:04:31,70
14:04:36,73
14:04:41,72
14:04:46,71
14:04:51,69
14:04:56,65
14:05:01,64
14:05:11,66
14:05:16,68
14:05:21,68
14:05:36,73
14:05:41,76
14:05:51,74
14:05:56,67
14:06:01,66
14:06:06,67
14:06:16,68
14:06:21,69
14:06:26,68
14:06:31,65
14:06:36,64
14:06:42,64
14:06:47,64
14:06:57,67
14:07:02,69
14:07:07,69
14:07:17,73
14:07:22,75
14:07:27,73
14:07:32,71
14:07:37,70
14:07:42,69
14:07:57,69
14:08:02,68
14:08:12,69
14:08:17,70
14:08:22,72
14:08:37,72
14:08:42,70
14:08:47,67
14:08:52,66
14:08:57,63
14:09:12,64
14:09:17,66
14:09:22,68
14:09:27,70
14:09:32,70
14:09:47,69
14:09:52,69
14:09:57,68
14:10:02,67
14:10:07,68
14:10:12,71
14:10:17,72
14:10:27,71
14:10:32,69
14:10:37,68
14:10:52,68
14:11:02,69
14:11:07,68
14:11:22,68
14:11:32,67
14:11:47,67
14:11:57,68
14:12:07,66
14:12:12,65
14:12:17,63
14:12:32,63
14:12:37,63
14:12:47,66
14:12:52,71
14:12:57,74
14:13:07,73
14:13:12,70
14:13:17,67
14:13:22,64
14:13:27,62
14:13:32,61
14:13:37,60
14:13:52,59
14:14:07,59
14:14:12,60
14:14:27,59
14:14:32,60
14:14:42,64
14:14:47,72
14:14:52,73
14:15:02,76
14:15:07,77
14:15:17,76
14:15:22,68
14:15:27,67
14:15:42,67
14:15:47,66
14:15:52,64
14:16:07,64
14:16:22,65
14:16:27,66
14:16:32,67
14:16:37,71
14:16:42,74
14:16:47,72
14:16:52,68
14:16:57,65
14:17:02,64
14:17:12,64
14:17:17,65
14:17:27,66
14:17:42,66
14:17:52,69
14:17:57,68
14:18:02,64
14:18:12,68
14:18:17,65
14:18:22,63
14:18:27,62
14:18:37,61
14:18:52,63
14:18:57,65
14:19:02,66
14:19:12,65
14:19:17,63
14:19:22,63
14:19:27,62
14:19:32,61
14:19:37,61
14:19:42,62
14:19:47,63
14:19:52,63
14:19:57,64
14:20:07,65
14:20:12,66
14:20:27,72
14:20:32,74
14:20:37,75
14:20:42,79
14:20:47,82
14:21:02,83
14:21:17,83
14:21:27,82
14:21:32,81
14:21:37,80
14:21:52,80
14:22:07,78
14:22:12,69
14:22:17,66
14:22:22,63
14:22:27,64
14:22:42,65
14:22:52,65
14:23:07,66
14:23:12,66
14:23:17,67
14:23:32,67
14:23:37,66
14:23:52,66
14:24:02,65
14:24:12,64
14:24:22,64
14:24:27,65
14:24:42,65
14:24:47,69
14:24:52,70
14:24:57,68
14:25:12,68
14:25:27,68
14:25:32,65
14:25:37,66
14:25:47,67
14:26:02,67
14:26:07,72
14:26:12,71
14:26:22,72
14:26:27,73
14:26:32,74
14:26:42,73
14:26:47,70
14:26:52,68
14:26:58,69
14:27:03,69
14:27:08,70
14:27:23,70
14:27:28,69
14:27:33,68
14:27:38,67
14:27:43,69
14:27:48,69
14:27:53,68
14:27:58,66
14:28:03,65
14:28:08,64
14:28:18,63
14:28:33,64
14:28:38,64
14:28:48,65
14:28:53,69
14:28:58,71
14:29:03,70
14:29:08,66
14:29:13,65
14:29:18,66
14:29:33,65
14:29:38,67
14:29:43,70
14:29:48,71
14:29:53,70
14:29:58,68
14:30:03,69
14:30:18,69
14:30:33,69
14:30:48,68
14:30:58,67
14:31:13,68
14:31:18,69
14:31:33,69
14:31:38,71
14:31:43,72
14:31:53,71
14:31:58,72
14:32:08,71
14:32:18,70
14:32:33,70
14:32:38,68
14:32:43,71
14:32:48,77
14:32:53,80
14:33:03,81
14:33:13,81
14:33:28,81
14:33:38,80
14:33:53,82
14:33:58,83
14:34:03,83
14:34:08,76
14:34:13,73
14:34:18,70
14:34:33,68
14:34:38,67
14:34:43,66
14:34:53,64
14:34:58,64
14:35:08,61
14:35:18,62
14:35:33,61
14:35:48,62
14:35:53,61
14:35:58,60
14:36:03,60
14:36:08,61
14:36:13,62
14:36:18,64
14:36:28,65
14:36:33,67
14:36:38,66
14:36:53,68
14:36:58,70
14:37:03,71
14:37:18,70
14:37:33,69
14:37:38,68
14:37:53,68
14:37:58,69
14:38:13,69
14:38:23,69
14:38:28,68
14:38:33,66
14:38:38,65
14:38:53,66
14:39:08,67
14:39:13,68
14:39:28,68
14:39:33,67
14:39:38,68
14:39:43,69
14:39:53,70
14:39:58,71
14:40:13,72
14:40:23,73
14:40:38,73
14:40:43,72
14:40:48,71
14:40:53,74
14:40:58,71
14:41:03,66
14:41:08,68
14:41:13,70
14:41:19,73
14:41:24,74
14:41:34,75
14:41:49,74
14:41:54,75
14:42:04,74
14:42:09,73
14:42:14,72
14:42:19,71
14:42:29,72
14:42:34,73
14:42:39,72
14:42:44,71
14:42:59,72
14:43:04,74
14:43:14,72
14:43:19,71
14:43:24,70
14:43:29,69
14:43:34,67
14:43:49,67
14:43:59,68
14:44:09,69
14:44:19,68
14:44:29,69
14:44:34,70
14:44:39,69
14:44:44,69
14:44:49,66
14:44:54,64
14:45:04,65
14:45:14,66
14:45:19,68
14:45:24,69
14:45:29,68
14:45:44,67
14:45:59,69
14:46:04,68
14:46:09,66
14:46:14,64
14:46:19,63
14:46:29,64
14:46:39,65
14:46:44,64
14:46:49,66
14:46:54,67
14:46:59,68
14:47:04,71
14:47:09,71
14:47:14,70
14:47:19,68
14:47:34,68
14:47:39,69
14:47:49,70
14:47:54,71
14:48:04,70
14:48:19,70
14:48:29,72
14:48:34,72
14:48:39,73
14:48:54,73
14:49:09,74
14:49:14,72
14:49:19,69
14:49:24,69
14:49:29,66
14:49:39,67
14:49:44,68
14:49:49,69
14:50:04,70
14:50:09,71
14:50:24,70
14:50:29,68
14:50:34,67
14:50:44,68
14:50:49,67
14:50:54,66
14:51:09,67
14:51:14,68
14:51:19,69
14:51:29,70
14:51:34,70
14:51:39,71
14:51:54,71
14:51:59,72
14:52:04,76
14:52:09,74
14:52:14,73
14:52:19,74
14:52:24,71
14:52:29,70
14:52:34,69
14:52:44,73
14:52:49,85
14:52:54,89
14:53:09,89
14:53:14,91
14:53:19,92
14:53:29,92
14:53:34,85
14:53:44,84
14:53:59,84
14:54:09,85
14:54:14,86
14:54:29,85
14:54:39,85
14:54:44,86
14:54:49,87
14:54:54,89
14:54:59,97
14:55:04,98
14:55:14,99
14:55:19,100
14:55:29,99
14:55:34,93
14:55:39,92
14:55:44,93
14:55:54,94
14:56:04,95
14:56:09,96
14:56:19,96
14:56:24,97
14:56:34,98
14:56:39,100
14:56:44,99
14:56:49,97
14:56:54,96
14:56:59,96
14:57:04,95
14:57:14,93
14:57:19,91
14:57:29,90
14:57:39,89
14:57:44,88
14:57:49,87
14:57:54,86
14:57:59,84
14:58:04,82
14:58:14,83
14:58:19,84
14:58:24,85
14:58:29,86
14:58:34,87
14:58:39,88
14:58:44,89
14:58:49,92
14:58:59,93
14:59:04,94
14:59:19,94
14:59:34,94
14:59:39,90
14:59:49,86
14:59:54,83
14:59:59,81
15:00:04,79
15:00:14,80
15:00:19,78
15:00:24,77
15:00:34,78
15:00:40,79
15:00:55,79
15:01:00,82
15:01:05,80
15:01:15,82
15:01:20,83
15:01:30,82
15:01:35,80
15:01:40,79
15:01:45,78
15:01:50,76
15:02:05,76
15:02:15,78
15:02:25,77
15:02:40,78
15:02:45,77
15:02:55,78
15:03:05,76
15:03:10,74
15:03:15,73
15:03:25,75
15:03:40,75
15:03:45,76
15:03:50,77
15:03:55,75
15:04:00,73
15:04:10,74
15:04:15,74
15:04:20,75
15:04:35,75
15:04:40,73
15:04:45,72
15:05:00,74
15:05:10,75
15:05:15,76
15:05:20,77
15:05:25,80
15:05:30,81
15:05:45,81
15:05:50,80
15:05:55,79
15:06:05,81
15:06:15,82
15:06:30,81
15:06:40,80
15:06:45,77
15:06:50,73
15:06:55,71
15:07:00,71
15:07:15,70
15:07:25,71
15:07:40,70
15:07:45,68
15:07:50,69
15:07:55,69
15:08:00,71
15:08:05,74
15:08:15,71
15:08:20,68
15:08:30,69
15:08:40,71
15:08:55,72
15:09:00,74
15:09:15,75
15:09:20,77
15:09:30,76
15:09:45,74
15:09:55,75
15:10:10,75
15:10:25,75
15:10:40,75
15:10:50,73
15:10:55,72
15:11:00,71
15:11:10,69
15:11:15,70
15:11:20,67
15:11:30,66
15:11:35,64
15:11:40,67
15:11:45,70
15:11:50,72
15:11:55,73
15:12:00,72
15:12:05,71
15:12:10,73
15:12:15,72
15:12:20,74
15:12:25,76
15:12:30,74
15:12:35,74
15:12:50,74
15:13:00,75
15:13:10,76
15:13:25,76
15:13:40,75
15:13:55,75
15:14:05,73
15:14:15,72
15:14:20,73
15:14:30,75
15:14:35,74
15:14:40,71
15:14:45,70
15:14:55,71
15:15:00,72
15:15:10,73
15:15:20,74
15:15:26,75
15:15:31,74
15:15:36,75
15:15:41,76
15:15:56,76
15:16:06,77
15:16:11,76
15:16:16,80
15:16:21,79
15:16:26,76
15:16:31,74
15:16:41,75
15:16:51,74
15:17:06,74
15:17:16,75
15:17:21,82
15:17:36,83
15:17:41,84
15:17:51,85
15:17:56,87
15:18:01,89
15:18:06,91
15:18:11,92
15:18:21,93
15:18:26,94
15:18:31,93
15:18:41,94
15:18:46,94
15:18:51,95
15:19:06,94
15:19:11,95
15:19:16,95
15:19:21,94
15:19:26,92
15:19:31,87
15:19:36,84
15:19:41,83
15:19:46,84
15:19:51,83
15:19:56,80
15:20:01,79
15:20:06,77
15:20:21,77
15:20:26,76
15:20:41,78
15:20:46,79
15:20:51,80
15:21:01,78
15:21:11,79
15:21:16,78
15:21:21,76
15:21:26,75
15:21:31,77
15:21:36,82
15:21:41,82
15:21:51,81
15:21:56,80
15:22:06,79
15:22:21,81
15:22:26,82
15:22:41,81
15:22:56,83
15:23:01,89
15:23:06,87
15:23:11,86
15:23:16,85
15:23:26,86
15:23:36,87
15:23:46,88
15:24:01,88
15:24:06,86
15:24:16,87
15:24:26,87
15:24:36,85
15:24:41,83
15:24:51,84
15:24:56,83
15:25:01,82
15:25:16,83
15:25:31,82
15:25:41,84
15:25:46,85
15:25:51,88
15:25:56,89
15:26:01,90
15:26:06,89
15:26:16,92
15:26:21,93
15:26:26,95
15:26:31,96
15:26:36,96
15:26:41,95
15:26:46,94
15:26:51,92
15:26:56,90
15:27:06,91
15:27:11,94
15:27:16,98
15:27:21,100
15:27:26,99
15:27:31,98
15:27:36,96
15:27:46,97
15:27:56,96
15:28:06,95
15:28:11,97
15:28:16,99
15:28:21,98
15:28:26,97
15:28:31,94
15:28:36,90
15:28:41,80
15:28:51,78
15:28:56,77
15:29:01,76
15:29:06,75
15:29:11,74
15:29:16,73
15:29:21,72
15:29:31,75
15:29:36,77
15:29:46,78
15:29:51,79
15:29:56,80
15:30:01,79
15:30:06,78
15:30:11,76
15:30:16,77
15:30:21,76
15:30:26,74
15:30:41,74
15:30:46,75
15:31:01,76
15:31:06,74
15:31:11,73
15:31:16,72
15:31:21,72
15:31:31,70
15:31:36,69
15:31:41,68
15:31:46,68
15:31:56,69
15:32:01,70
15:32:11,71
15:32:26,71
15:32:31,74
15:32:36,73
15:32:46,71
15:32:56,70
15:33:01,69
15:33:06,71
15:33:11,72
15:33:26,72
15:33:36,70
15:33:41,67
15:33:46,68
15:33:51,69
15:34:06,69
15:34:21,69
15:34:31,70
15:34:37,72
15:34:42,71
15:34:47,70
15:34:52,68
15:34:57,69
15:35:02,70
15:35:07,71
15:35:17,74
15:35:22,75
15:35:27,76
15:35:37,77
15:35:42,76
15:35:52,75
15:36:07,75
15:36:22,75
15:36:32,73
15:36:47,72
15:36:57,73
15:37:02,74
15:37:07,75
15:37:22,74
15:37:27,73
15:37:32,72
15:37:37,72
15:37:42,75
15:37:47,74
15:37:52,72
15:37:57,70
15:38:02,70
15:38:17,71
15:38:22,72
15:38:27,73
15:38:32,72
15:38:47,72
15:38:52,74
15:38:57,73
15:39:02,71
15:39:12,70
15:39:17,71
15:39:32,72
15:39:37,71
15:39:42,68
15:39:47,66
15:39:52,65
15:39:57,66
15:40:02,67
15:40:12,68
15:40:22,69
15:40:37,70
15:40:42,71
15:40:57,71
15:41:02,70
15:41:07,76
15:41:12,81
15:41:17,81
15:41:22,80
15:41:32,80
15:41:42,81
15:41:57,82
15:42:07,81
15:42:22,80
15:42:27,78
15:42:32,76
15:42:37,70
15:42:42,70
15:42:47,69
15:42:57,68
15:43:12,68
15:43:22,67
15:43:27,66
15:43:37,67
15:43:42,72
15:43:47,75
15:43:57,73
15:44:02,68
15:44:07,65
15:44:22,65
15:44:37,65
15:44:47,66
15:44:52,67
15:44:57,68
15:45:02,67
15:45:07,68
15:45:12,69
15:45:17,70
15:45:22,71
15:45:27,70
15:45:32,66
15:45:37,65
15:45:47,65
15:45:57,64
15:46:07,65
15:46:12,67
15:46:22,68
15:46:27,69
15:46:42,71
15:46:52,70
15:47:02,71
15:47:07,72
15:47:12,71
15:47:22,70
15:47:27,68
15:47:32,63
15:47:37,61
15:47:42,62
15:47:57,62
15:48:12,64
15:48:17,66
15:48:22,67
15:48:32,66
15:48:47,66
15:48:57,67
15:49:12,67
15:49:22,67
15:49:37,67
15:49:42,73
15:49:47,71
15:49:52,69
15:49:57,67
15:50:07,68
15:50:17,69
15:50:32,69
15:50:42,62
15:50:47,60
15:50:52,61
15:50:57,62
15:51:02,63
15:51:07,64
15:51:12,65
15:51:17,66
15:51:22,67
15:51:27,66
15:51:32,65
15:51:38,64
15:51:43,63
15:51:48,62
15:51:53,63
15:52:08,64
15:52:18,65
15:52:28,66
15:52:33,65
15:52:38,66
15:52:43,67
15:52:48,68
15:52:53,70
15:52:58,72
15:53:03,74
15:53:08,72
15:53:13,64
15:53:28,63
15:53:33,61
15:53:43,62
15:53:48,61
15:53:53,61
15:54:03,61
15:54:08,60
15:54:23,60
15:54:28,61
15:54:43,62
15:54:48,69
15:54:53,71
15:54:58,70
15:55:08,69
15:55:13,68
15:55:18,67
15:55:23,66
15:55:38,65
15:55:53,66
15:55:58,68
15:56:03,69
15:56:08,68
15:56:13,69
15:56:18,70
15:56:33,69
15:56:43,67
15:56:58,67
15:57:03,68
15:57:08,69
15:57:18,68
15:57:23,67
15:57:38,67
15:57:48,67
15:57:53,68
15:57:58,69
15:58:03,69
15:58:08,71
15:58:23,69
15:58:28,68
15:58:33,69
15:58:38,67
15:58:53,68
15:58:58,69
15:59:03,70
15:59:13,71
15:59:18,73
15:59:28,74
15:59:33,75
15:59:38,76
15:59:43,82
15:59:58,82
16:00:03,81
16:00:08,82
16:00:13,81
16:00:18,82
16:00:23,83
16:00:38,82
16:00:43,81
16:00:53,72
16:00:58,67
16:01:13,67
16:01:28,67
16:01:38,68
16:01:53,69
16:01:58,71
16:02:03,72
16:02:08,71
16:02:13,72
16:02:18,75
16:02:33,75
16:02:38,76
16:02:43,77
16:02:48,78
16:02:53,84
16:02:58,83
16:03:03,81
16:03:08,78
16:03:13,70
16:03:18,67
16:03:23,70
16:03:28,68
16:03:33,64
16:03:38,62
16:03:43,61
16:03:48,61
16:04:03,61
16:04:08,64
16:04:23,65
16:04:33,66
16:04:38,67
16:04:48,66
16:04:53,65
16:04:58,63
16:05:03,62
16:05:18,63
16:05:23,64
16:05:28,65
16:05:38,68
16:05:43,72
16:05:48,71
16:05:53,69
16:05:58,68
16:06:08,67
16:06:13,68
16:06:18,69
16:06:23,70
16:06:33,71
16:06:38,73
16:06:43,72
16:06:48,77
16:06:53,79
16:07:03,78
16:07:08,76
16:07:13,73
16:07:18,72
16:07:28,71
16:07:33,70
16:07:48,70
16:07:49,70
16:08:04,69
16:08:14,67
16:08:29,69
16:08:34,70
16:08:49,70
16:09:04,70
16:09:14,71
16:09:19,72
16:09:24,73
16:09:29,72
16:09:34,78
16:09:44,77
16:09:59,77
16:10:04,73
16:10:09,71
16:10:14,70
16:10:19,68
16:10:24,66
16:10:29,62
16:10:34,61
16:10:39,64
16:10:49,65
16:10:54,65
16:11:04,66
16:11:19,67
16:11:24,69
16:11:29,72
16:11:39,74
16:11:44,79
16:11:49,81
16:11:54,82
16:12:04,83
16:12:14,82
16:12:19,80
16:12:24,76
16:12:29,75
16:12:34,73
16:12:39,72
16:12:44,70
16:12:49,68
16:12:54,66
16:13:04,67
16:13:09,66
16:13:19,67
16:13:34,67
16:13:44,69
16:13:49,70
16:13:54,70
16:13:59,72
16:14:09,71
16:14:14,70
16:14:29,71
16:14:34,70
16:14:39,70
16:14:44,69
16:14:49,67
16:14:54,66
16:14:59,65
16:15:04,65
16:15:14,66
16:15:29,66
16:15:44,66
16:15:59,66
16:16:09,67
16:16:14,68
16:16:19,69
16:16:34,70
16:16:39,71
16:16:49,72
16:16:59,73
16:17:04,72
16:17:09,63
16:17:24,64
16:17:29,64
16:17:34,63
16:17:39,62
16:17:54,61
16:17:59,61
16:18:04,63
16:18:09,63
16:18:19,62
16:18:29,63
16:18:39,67
16:18:44,69
16:18:59,66
16:19:04,63
16:19:09,61
16:19:14,62
16:19:19,63
16:19:24,65
16:19:29,66
16:19:34,68
16:19:39,69
16:19:44,70
16:19:49,71
16:19:59,72
16:20:09,71
16:20:14,67
16:20:19,62
16:20:24,59
16:20:34,60
16:20:39,63
16:20:44,64
16:20:49,62
16:20:59,62
16:21:09,63
16:21:14,65
16:21:19,64
16:21:34,65
16:21:49,66
16:21:59,64
16:22:14,64
16:22:19,65
16:22:29,65
16:22:39,66
16:22:44,67
16:22:49,68
16:22:54,69
16:22:59,71
16:23:04,70
16:23:09,69
16:23:14,71
16:23:19,73
16:23:24,74
16:23:39,74
16:23:49,75
16:23:59,73
16:24:04,64
16:24:09,63
16:24:19,62
16:24:24,64
16:24:29,69
16:24:35,70
16:24:50,70
16:25:00,71
16:25:05,72
16:25:10,73
16:25:15,74
16:25:30,75
16:25:45,75
16:26:00,76
16:26:15,77
16:26:20,78
16:26:30,81
16:26:35,83
16:26:40,84
16:26:45,85
16:26:50,86
16:26:55,85
16:27:00,84
16:27:05,84
16:27:10,83
16:27:15,82
16:27:20,81
16:27:30,83
16:27:35,84
16:27:45,85
16:27:50,86
16:27:55,87
16:28:00,88
16:28:15,88
16:28:20,87
16:28:25,88
16:28:30,90
16:28:35,91
16:28:45,89
16:28:50,88
16:28:55,80
16:29:00,72
16:29:05,71
16:29:20,71
16:29:25,72
16:29:35,71
16:29:40,69
16:29:45,68
16:29:50,67
16:30:05,66
16:30:10,65
16:30:15,64
16:30:20,63
16:30:30,64
16:30:35,65
16:30:50,65
16:31:05,65
16:31:10,66
16:31:20,68
16:31:25,68
16:31:35,67
16:31:40,66
16:31:45,65
16:31:50,66
16:31:55,67
16:32:05,68
16:32:15,69
16:32:20,68
16:32:25,69
16:32:40,73
16:32:45,75
16:32:50,73
16:32:55,71
16:33:00,70
16:33:05,69
16:33:10,67
16:33:20,68
16:33:25,69
16:33:35,69
16:33:50,68
16:33:55,67
16:34:00,66
16:34:10,65
16:34:15,64
16:34:20,63
16:34:25,63
16:34:30,63
16:34:40,65
16:34:45,66
16:34:50,65
16:34:55,66
16:35:00,66
16:35:15,66
16:35:20,67
16:35:25,68
16:35:40,68
16:35:45,67
16:36:00,67
16:36:10,66
16:36:15,67
16:36:20,68
16:36:25,70
16:36:30,71
16:36:35,70
16:36:40,69
16:36:55,69
16:37:00,68
16:37:15,67
16:37:20,65
16:37:35,64
16:37:40,63
16:37:45,61
16:37:55,62
16:38:00,64
16:38:15,64
16:38:20,65
16:38:25,66
16:38:35,67
16:38:40,69
16:38:50,66
16:38:55,63
16:39:00,62
16:39:05,62
16:39:15,63
16:39:20,64
16:39:25,65
16:39:30,65
16:39:45,65
16:40:00,65
16:40:10,66
16:40:20,67
16:40:35,67
16:41:41,63
16:41:46,64
16:41:51,67
16:41:56,67
16:42:06,66
16:42:11,65
16:42:16,76
16:42:21,77
16:42:26,74
16:42:31,72
16:42:36,71
16:42:41,70
16:42:51,69
16:43:01,67
16:43:06,68
16:43:16,67
16:43:26,68
16:43:36,69
16:43:41,70
16:43:56,71
16:44:06,70
16:44:11,69
16:44:16,73
16:44:21,75
16:44:26,77
16:44:41,77
16:44:46,76
16:44:51,74
16:45:01,76
16:45:11,77
16:45:21,76
16:45:26,75
16:45:31,74
16:45:36,72
16:45:41,75
16:45:56,75
16:46:06,74
16:46:16,76
16:46:21,73
16:46:26,68
16:46:41,68
16:46:46,67
16:46:51,68
16:46:56,69
16:47:01,70
16:47:06,72
16:47:11,73
16:47:16,72
16:47:26,73
16:47:31,71
16:47:36,69
16:47:41,68
16:47:46,67
16:47:51,68
16:47:56,71
16:48:06,76
16:48:11,74
16:48:21,73
16:48:31,74
16:48:41,72
16:48:46,73
16:48:51,75
16:48:56,76
16:49:01,75
16:49:06,76
16:49:16,74
16:49:21,72
16:49:26,71
16:49:31,67
16:49:36,65
16:49:46,66
16:49:51,67
16:49:56,68
16:50:06,69
16:50:11,70
16:50:16,69
16:50:21,70
16:50:26,71
16:50:31,72
16:50:36,73
16:50:41,72
16:50:56,72
16:51:01,71
16:51:06,72
16:51:11,71
16:51:26,71
16:51:41,71
16:51:46,72
16:51:51,73
16:51:56,72
16:52:06,71
16:52:16,72
16:52:26,73
16:52:31,78
16:52:41,79
16:52:46,76
16:52:51,74
16:53:06,74
16:53:16,73
16:53:21,72
16:53:31,71
16:53:46,71
16:54:01,72
16:54:06,73
16:54:21,74
16:54:31,75
16:54:36,74
16:54:41,72
16:54:51,73
16:54:56,75
16:55:01,77
16:55:06,75
16:55:21,77
16:55:26,79
16:55:31,82
16:55:36,84
16:55:41,82
16:55:51,81
16:56:01,76
16:56:06,69
16:56:11,67
16:56:16,66
16:56:26,65
16:56:31,64
16:56:46,63
16:56:51,62
16:56:56,63
16:57:01,64
16:57:06,69
16:57:11,67
16:57:16,63
16:57:21,60
16:57:31,61
16:57:36,63
16:57:42,62
16:57:47,61
16:57:57,60
16:58:07,61
16:58:17,62
16:58:22,63
16:58:27,65
16:58:37,67
16:58:42,68
16:58:47,70
16:58:52,69
16:58:57,66
16:59:02,64
16:59:07,62
16:59:12,61
16:59:17,60
16:59:27,59
16:59:42,59
16:59:57,62
17:00:12,63
17:00:17,64
17:00:27,65
17:00:32,64
17:00:37,65
17:00:52,64
17:01:02,65
17:01:07,64
17:01:12,62
17:01:17,61
17:01:22,62
17:01:32,64
17:01:37,65
17:01:42,66
17:01:47,72
17:01:52,77
17:02:07,77
17:02:12,76
17:02:17,75
17:02:22,71
17:02:27,67
17:02:32,64
17:02:37,65
17:02:42,66
17:02:57,66
17:03:02,68
17:03:12,72
17:03:17,73
17:03:22,72
17:03:27,69
17:03:32,67
17:03:37,65
17:03:42,66
17:03:57,67
17:04:02,68
17:04:07,69
17:04:22,68
17:04:27,67
17:04:42,66
17:04:47,67
17:04:52,67
17:05:07,67
17:05:12,66
17:05:17,68
17:05:22,72
17:05:27,69
17:05:32,66
17:05:37,63
17:05:42,61
17:05:47,59
17:05:52,58
17:06:07,58
17:06:12,59
17:06:22,60
17:06:27,58
17:06:32,57
17:06:47,57
17:06:52,58
17:06:57,58
17:07:02,61
17:07:07,65
17:07:22,66
17:07:27,66
17:07:32,67
17:07:42,68
17:07:47,79
17:07:52,85
17:07:57,84
17:08:02,81
17:08:07,73
17:08:12,66
17:08:17,65
17:08:22,70
17:08:32,66
17:08:37,63
17:08:42,61
17:08:57,62
17:09:12,62
17:09:17,61
17:09:27,60
17:09:42,60
17:09:47,64
17:09:52,65
17:10:07,65
17:10:22,65
17:10:27,63
17:10:37,63
17:10:42,62
17:10:47,61
17:10:52,61
17:10:57,60
17:11:02,61
17:11:07,62
17:11:12,63
17:11:27,63
17:11:32,63
17:11:37,62
17:11:42,61
17:11:47,61
17:12:02,62
17:12:12,61
17:12:17,59
17:12:27,60
17:12:42,60
17:12:57,60
17:13:02,61
17:13:12,62
17:13:22,63
17:13:27,64
17:13:32,63
17:13:47,62
17:13:52,61
17:13:57,62
17:14:07,63
17:14:22,64
17:14:27,64
17:14:42,64
17:14:57,64
17:15:12,64
17:15:17,64
17:15:22,65
17:15:27,66
17:15:32,67
17:15:37,76
17:15:42,77
17:15:47,76
17:15:52,73
17:16:02,70
17:16:07,66
17:16:12,64
17:16:22,64
17:16:37,64
17:16:47,64
17:16:52,64
17:16:57,65
17:17:02,67
17:17:17,67
17:17:22,66
17:17:37,66
17:17:52,66
17:17:53,67
17:17:58,68
17:18:03,67
17:18:18,66
17:18:23,67
17:18:33,66
17:18:38,65
17:18:48,64
17:18:53,64
17:18:58,64
17:19:03,65
17:19:08,66
17:19:18,67
17:19:33,67
17:19:38,68
17:19:48,69
17:19:58,68
17:20:13,67
17:20:28,68
17:20:33,67
17:20:38,69
17:20:43,70
17:20:48,71
17:20:58,70
17:21:03,68
17:21:08,67
17:21:23,68
17:21:28,68
17:21:33,70
17:21:38,71
17:21:43,71
17:21:48,71
17:21:53,72
17:22:03,73
17:22:18,73
17:22:33,71
17:22:38,70
17:22:43,71
17:22:48,70
17:22:53,68
17:22:58,67
17:23:03,67
17:23:13,66
17:23:18,67
17:23:28,68
17:23:38,69
17:23:43,70
17:23:48,70
17:23:53,71
17:23:58,80
17:24:03,81
17:24:08,78
17:24:13,67
17:24:18,66
17:24:23,65
17:24:28,66
17:24:33,65
17:24:38,63
17:24:43,61
17:24:48,62
17:25:03,62
17:25:08,63
17:25:13,65
17:25:23,66
17:25:28,67
17:25:33,68
17:25:38,69
17:25:53,70
17:25:58,72
17:26:03,77
17:26:08,82
17:26:13,83
17:26:18,83
17:26:33,84
17:26:38,86
17:26:43,87
17:26:48,88
17:26:58,90
17:27:03,92
17:27:08,94
18:33:48,70
18:34:03,78
18:34:08,82
18:34:13,80
18:34:18,77
18:34:23,76
18:34:28,75
18:34:38,74
18:34:43,76
18:34:53,77
18:34:58,77
18:35:03,76
18:35:08,77
18:35:13,81
18:35:18,84
18:35:23,87
18:35:28,90
18:35:33,91
18:35:38,93
18:35:43,94
18:35:48,103
18:35:53,102
18:36:03,105
18:36:08,108
18:36:13,112
18:36:18,112
18:36:23,113
18:36:28,116
18:36:33,117
18:36:43,118
18:36:48,120
18:36:53,123
18:36:58,122
18:37:03,123
18:37:08,125
18:37:13,122
18:37:23,125
18:37:28,127
18:37:33,125
18:37:38,122
18:37:53,122
18:37:58,119
18:38:03,118
18:38:08,119
18:38:13,121
18:38:23,122
18:38:28,123
18:38:33,124
18:38:38,125
18:38:43,126
18:38:48,127
18:38:53,128
18:38:59,128
18:39:14,128
18:39:24,124
18:39:34,125
18:39:49,125
18:40:04,127
18:40:14,118
18:40:19,117
18:40:24,119
18:40:29,123
18:40:34,127
18:40:39,129
18:40:44,131
18:40:54,131
18:41:04,129
18:41:14,128
18:41:19,124
18:41:24,122
18:41:29,119
18:41:34,118
18:41:39,116
18:41:44,117
18:41:49,117
18:41:54,114
18:42:02,109
18:42:07,102
18:42:12,104
18:42:17,107
18:42:22,108
18:42:32,106
18:42:42,109
18:42:47,111
18:42:52,112
18:43:07,112
18:43:12,117
18:43:22,118
18:43:37,118
18:43:42,115
18:43:47,116
18:43:52,119
18:43:57,120
18:44:02,121
18:44:07,120
18:44:12,119
18:44:17,117
18:44:22,110
18:44:27,108
18:44:32,107
18:44:42,106
18:44:47,107
18:44:53,106
18:45:08,104
18:45:13,103
18:45:18,102
18:45:28,101
18:45:38,102
18:45:53,101
18:46:08,101
18:46:13,102
18:46:18,103
18:46:23,104
18:46:33,103
18:46:48,103
18:46:58,102
18:47:03,100
18:47:08,98
18:47:18,99
18:47:28,100
18:47:43,101
18:47:48,102
18:47:58,101
18:48:03,100
18:48:18,100
18:48:23,101
18:48:33,100
18:48:43,101
18:48:58,99
18:49:03,93
18:49:13,97
18:49:18,98
18:49:23,94
18:49:28,89
18:49:33,90
18:49:38,88
18:49:43,91
18:49:48,90
18:49:53,88
18:49:58,84
18:50:08,86
18:50:13,87
18:50:28,89
18:50:33,96
18:50:38,97
18:50:43,96
18:50:48,94
18:50:53,92
18:50:58,94
18:51:03,93
18:51:08,90
18:51:23,89
18:51:28,88
18:51:33,89
18:51:38,90
18:51:43,89
18:51:48,86
18:51:53,85
18:51:58,84
18:52:08,87
18:52:13,92
18:52:18,94
18:52:23,93
18:52:28,102
18:52:33,106
18:52:38,107
18:52:48,105
18:52:58,104
18:53:03,103
18:53:08,102
18:53:13,101
18:53:18,100
18:53:23,98
18:53:28,94
18:53:33,89
18:53:38,95
18:53:43,96
18:53:48,97
18:53:58,99
18:54:08,98
18:54:23,98
18:54:28,99
18:54:33,99
18:54:38,98
18:54:43,99
18:54:48,101
18:54:53,98
18:55:03,99
18:55:08,101
18:55:13,102
18:55:18,103
18:55:33,103
18:55:43,101
18:55:48,100
18:55:53,99
18:55:58,98
18:56:08,97
18:56:18,96
18:56:33,95
18:56:38,96
18:56:53,95
18:56:58,96
18:57:13,97
18:57:18,102
18:57:23,105
18:57:28,106
18:57:38,108
18:57:43,109
18:57:53,108
18:57:58,108
18:58:03,109
18:58:08,110
18:58:13,111
18:58:18,113
18:58:23,112
18:58:28,111
18:58:38,117
18:58:43,123
18:58:48,127
18:58:53,130
18:58:58,132
18:59:08,134
18:59:13,135
18:59:18,134
18:59:23,132
18:59:28,131
18:59:33,130
18:59:43,129
18:59:48,128
18:59:58,129
19:00:03,126
19:00:08,127
19:00:13,130
19:00:18,129
19:00:23,127
19:00:28,126
19:00:34,126
19:00:39,129
19:00:49,127
19:00:54,124
19:01:04,123
19:01:09,122
19:01:19,123
19:01:24,121
19:01:34,122
19:01:39,121
19:01:44,125
19:01:49,129
19:01:59,125
19:02:04,123
19:02:09,121
19:02:14,120
19:02:24,118
19:02:29,113
19:02:34,108
19:02:39,105
19:02:44,102
19:02:49,107
